Year,Transport Cost (Euro),Office Expenses (Euro),Ticket Revenue (Euro),Sponsor Revenue (Euro),Attendance,Goals,Total Salary Expense (Euro),Total Bonus Expense (Euro),Merchandise Revenue (Euro),Advertising Revenue (Euro),Medical Expenses (Euro)
2018,5507262,27415855,68742444,137670292,30196.90007267442,4022,2752873673,554503336,409813179,827108533,140034694
2019,5904818,29355541,73727758,146068152,30004.41341917994,4341,2953537722,590385005,439401983,887553394,147158895
2020,5927004,29484020,73981509,147891662,30018.731575388778,4281,2956906185,591489964,445681107,891036941,147029435
2021,5501503,27323974,69393269,137566331,30023.322370798698,4203,2752078057,558169034,414285596,835814681,137502236
2022,5806490,28919112,71119563,142088036,29924.005226480836,4392,2852766022,573606190,432469989,858748045,144324645
2023,5887486,29581070,73074712,147113988,30134.390119250427,4469,2931771135,588686927,443078035,887913426,147738969
2024,5535755,27519808,69565890,138569136,30089.920491507048,4202,2771347790,559644968,416316097,830844806,138446574
